vacancy_id,title,company_name,total_quota,show_quota,stream_id,stream_name,employment_status,selected_job,is_saved,experience_level,total_applied
0F4A378714B0B78A9985A98510399E3F554E4CA79D41907C7D62DAB08D7944C08AE874FBC82FFB778461D77D2029632C,"Junior Technician Operasi, Pemeliharaan Distribusi dan Pengelolaan Unit Tersebar",PT Perusahaan Listrik Negara (Persero),15000,1,20A83C4A9A636EA8BED36CF993C8AE8B2200D6EFBEA42A748814D05011CB5871C88DA758B221425D992E34F176F3A4A1,Engineering & Maintenance,Pegawai Tetap,False,False,Orang Asli Papua (OAP),0
8F7807902072DE684356EDF37DFA404936A6A20C2833DB58CD753CC25712F2367FB7D236B9D7A2074EA79779D37AA831,Junior Officer Pengendalian Kontrak,PT Perusahaan Listrik Negara (Persero) - PT PLN Energi Gas,1000,1,FECC5FE813435107B1A3C077745161DAD3112B1CD4933E60F151392FCDDD10BCD2018C4F3164EFB9061D4B378461726D,Legal & Compliance,Pegawai Tetap,False,False,Fresh Graduate,14
4407362421D5CBB95F91AB460AC9724ADAB348922F56704DB4EAF6C5633390C9D2A4022405C6F69AC44AF33B39DE2AEC,Junior Technician K3L,PT Perusahaan Listrik Negara (Persero) - PT PLN Energi Gas,1000,1,71EE70400E80344A7972D0EFC94477C2,Sistem Management & Safety,Pegawai Tetap,False,False,Fresh Graduate,100
0E5A2818AD123EFC116FE8EF15401B740AD63ACF4BAF7331B1BEFB18EF86C9F7F66073FA2EA264134777AE798B879D87,Junior Operasi dan Pemeliharaan,PT Perusahaan Listrik Negara (Persero) - PT PLN Energi Gas,3000,1,20A83C4A9A636EA8BED36CF993C8AE8B2200D6EFBEA42A748814D05011CB5871C88DA758B221425D992E34F176F3A4A1,Engineering & Maintenance,Pegawai Tetap,False,False,Fresh Graduate,449
8CD28104488995E53EF4EDAF94029316778F9A4E908C86441D06940DC47D5325B678726381BE6E23EEC1D741F1E10F09,Junior Technician Pemeliharaan,PT Perusahaan Listrik Negara (Persero) - PT PLN Energi Gas,1000,1,20A83C4A9A636EA8BED36CF993C8AE8B2200D6EFBEA42A748814D05011CB5871C88DA758B221425D992E34F176F3A4A1,Engineering & Maintenance,Pegawai Tetap,False,False,Fresh Graduate,270
63F488B491030251C0BB93B9108C8F76B2D2B9BEB57B1D54EFE08B350160D8CCC32419F3CE5CE4EC55E47578039CA160,Junior Technician Operasi,PT Perusahaan Listrik Negara (Persero) - PT PLN Energi Gas,1000,1,20A83C4A9A636EA8BED36CF993C8AE8B2200D6EFBEA42A748814D05011CB5871C88DA758B221425D992E34F176F3A4A1,Engineering & Maintenance,Pegawai Tetap,False,False,Fresh Graduate,222
3FB69F566A4CE1CB531ED9E8E2FA2C551DDBE47AA70EDDAD844727538E8D51C01AC453371CA1725EF0AFA00E0127354C,"Junior Technician Operasi, Pemeliharaan Distribusi dan Pengelolaan Unit Tersebar",PT Perusahaan Listrik Negara (Persero),10000,1,20A83C4A9A636EA8BED36CF993C8AE8B2200D6EFBEA42A748814D05011CB5871C88DA758B221425D992E34F176F3A4A1,Engineering & Maintenance,Pegawai Tetap,False,False,Fresh Graduate,567
5029F991DC3BAE526DFCDDCBFF685327D09D99FF89D9D9E5A645E3A74F7B29C5EFC806EFC70AF9779010CB2328EEA872,Strategi dan Perencanaan Investasi,PT Bahana Pembinaan Usaha Indonesia (Persero),1000,1,7835FD9522F08DD97A83B3871591408352EA49E853659D816839E3DC5C8EE314600E78430748C34795DA1E7043B57EE4,Keuangan,Pegawai Tetap,False,False,Experienced Hire,375
3F89181D864B7460734B7F6FCB25263E2524EDD9F23C4E1FB1110E940159B0B800EBCDC68C1A2B61D264B4177F71AD6B,Staff Analis Kredit Vanture Capital Officer,PT Bahana Pembinaan Usaha Indonesia (Persero),1000,1,78A5FB755A30EEBC7C4120CA2EC665FCBDF257265E0D77A54DFFB0A739B5396FC2136D3B07C4F2675FCC4E0DE5DB032C,Bisnis Niaga / Pemasaran,Pegawai Tetap,False,False,Experienced Hire,1000
22F0789BAC9B77691BE9F897DD75453E8D28F05E7D93A990CC5E1A8A6452A3916728C22213471BA4291C1F006409F8F0,Staf Perpajakan,PT Barata Indonesia (Persero),1000,1,7835FD9522F08DD97A83B3871591408352EA49E853659D816839E3DC5C8EE314600E78430748C34795DA1E7043B57EE4,Keuangan,Pegawai Tetap,False,False,Experienced Hire,28
277C8967CFC13F8465A75E214C467CF525469880B3C67878F4485CFD5BD21D9F1E1365153071A8B9C563FABE894FC9A2,Staf Perpajakan,PT Barata Indonesia (Persero),1000,1,7835FD9522F08DD97A83B3871591408352EA49E853659D816839E3DC5C8EE314600E78430748C34795DA1E7043B57EE4,Keuangan,Pegawai Tetap,False,False,Fresh Graduate,217
542A64A920A163E2322ED4486890F281995EBAA77D6146227E2C12FFE60932223AD4AC52A7AFF8A1BDA0A25F03439D55,Junior Relationship Manager,PT Bank Rakyat Indonesia (Persero) Tbk - PT Bank Raya Indonesia Tbk,25000,1,78A5FB755A30EEBC7C4120CA2EC665FCBDF257265E0D77A54DFFB0A739B5396FC2136D3B07C4F2675FCC4E0DE5DB032C,Bisnis Niaga / Pemasaran,Pegawai Kontrak,False,False,Fresh Graduate,6407
FA8C77956E6D83F16898EC1DD45F40C878E1381F8C4E2BA8F141859786B2F842E7CEDCF31C5817429058373303E38E3B,Management Trainee,PT Len Industri (Persero) - PT Dahana,1000,1,7835FD9522F08DD97A83B3871591408352EA49E853659D816839E3DC5C8EE314600E78430748C34795DA1E7043B57EE4,Keuangan,Pegawai Tetap,False,False,Disabilitas,0
36D47A580A749672804B10190736AAEEC84042967415854A2137301D9D9B795712EC0FA1EDEA5DED48801B8F36F1C9EA,Management Trainee,PT Len Industri (Persero) - PT Dahana,1000,1,ABD3E8B3B9C747142A200B5C72ECA3538828B4AAB50B1272A59066F6EB988BC36416893B531C94625DADD34F878103E2,Corporate Secretary,Pegawai Tetap,False,False,Fresh Graduate,689
8FA7F6CB9EBF44DC067539ECD034169F644CB63EA61029D661A38BE375C2C1E4198C1444140AF6C151742BA42E3AC076,Management Trainee,PT Len Industri (Persero) - PT Dahana,1000,1,CF92D65249E924012A342BBC73114AB35CF81F698F9C96C30E0249E4B453F81B3168022D9DA680DDD166AB388D0416F1,Digitalisasi & IT,Pegawai Tetap,False,False,Fresh Graduate,1000
F949774E58FADAF66B3FF967B5E0776D04968AE0B84A1FB5D97E05033AEC98C76E96E9CFE468E41C79B67A1630773011,Management Trainee,PT Len Industri (Persero) - PT Dahana,1000,1,CF92D65249E924012A342BBC73114AB35CF81F698F9C96C30E0249E4B453F81B3168022D9DA680DDD166AB388D0416F1,Digitalisasi & IT,Pegawai Tetap,False,False,Fresh Graduate,1000
9B232D8BE55DED55E8E87DEB1A29436159EB01457E62F2675AFB5390EC0BD3F551ED73545ED44F24B9571F55167CAD85,Accounting Report Staff,PT Bank Mandiri (Persero) Tbk - PT Mandiri Tunas Finance,1000,1,7835FD9522F08DD97A83B3871591408352EA49E853659D816839E3DC5C8EE314600E78430748C34795DA1E7043B57EE4,Keuangan,Pegawai Kontrak,False,False,Experienced Hire,282
EFF6416A9750B39887DC1F1FC747FCC0BA1D32BAA714A69BF7F234FB7AC257FEFEC7A973D2AEBD9BBD5A71F47ACD9D0F,Staf Logistik,PT Industri Kereta Api (Persero),1000,1,907020F1602638B8BB320EF129E955EFCE97282E9F1465582A532B521A5DFF5EBBD44B1B925F18ECF8350E7E7C5DC258,Logistic / Supply Chain / Asset / GA,Pegawai Kontrak,False,False,Orang Asli Papua (OAP),0
047A62ABB60A006DDC3BA86AE3AD3BFD3147E11A5B30CCA5DFF21B646198B942324CEF6EBFBA137B58305B1BFD8D7A02,Account Officer,PT Bank Rakyat Indonesia (Persero) Tbk - PT Pegadaian,2000,1,78A5FB755A30EEBC7C4120CA2EC665FCBDF257265E0D77A54DFFB0A739B5396FC2136D3B07C4F2675FCC4E0DE5DB032C,Bisnis Niaga / Pemasaran,Pegawai Tetap,False,False,Orang Asli Papua (OAP),0
4031E6009CE52A83C107D7B765F53E268D4DBADB226F4ABA6425D4F15CE1FD499311EAAC7CDA3244D7DFB4DE6AE790BD,Junior Treasury,PT Biro Klasifikasi Indonesia (Persero),1000,1,C85AA465FC0DBD6CE7F976D0F659E7626287BAA8FB2D5579CEB2EA97E3899E1E083391353E5A4F601A888E9E03FEA023,Treasury,Pegawai Kontrak,False,False,Orang Asli Papua (OAP),0
550AE5718FFF4964937C585886FFDE7A487866FD2E513841831214CCE73031DAEE39930C9A711C5A34AA59FB1B34CDA8,IT,PT Bank Rakyat Indonesia (Persero) Tbk - PT BRI Asuransi Indonesia,10000,1,CF92D65249E924012A342BBC73114AB35CF81F698F9C96C30E0249E4B453F81B3168022D9DA680DDD166AB388D0416F1,Digitalisasi & IT,Pegawai Tetap,False,False,Fresh Graduate,28
7C5FF3C8B0D84B6D25C12555229AA87A2311B406BA571ECE27C60C28C20848F9F04126BD565E775078B52EEEDECCB8A6,Staf Teknik,PT Waskita Karya (Persero) Tbk,1000,1,20A83C4A9A636EA8BED36CF993C8AE8B2200D6EFBEA42A748814D05011CB5871C88DA758B221425D992E34F176F3A4A1,Engineering & Maintenance,Pegawai Tetap,False,False,Orang Asli Papua (OAP),0
1BD87DAE82F43D3E89936E58DF2F5E4BC9C9D08F58C04A08899C9ADF77D4950DFB318D518CFE3D93CA68AE1E47EAD406,Banking Staff for Papua,PT Bank Mandiri (Persero) Tbk,5000,1,7835FD9522F08DD97A83B3871591408352EA49E853659D816839E3DC5C8EE314600E78430748C34795DA1E7043B57EE4,Keuangan,Pegawai Kontrak,False,False,Orang Asli Papua (OAP),0
257B6831DD6B7B650FF6E2E510EF1E76A8F4552C17067D6E992818ABA418EC43DE6E2F08B0EBC2E05C21E3A14631AFC6,Banking Staff for Disability,PT Bank Mandiri (Persero) Tbk,10000,1,7835FD9522F08DD97A83B3871591408352EA49E853659D816839E3DC5C8EE314600E78430748C34795DA1E7043B57EE4,Keuangan,Pegawai Kontrak,False,False,Disabilitas,0
61D30DF184CCDA4B28D2FA0B1F98BEC5021005C07C7DE91571DA17956C9BBB733127E8F2EFAE84067A8737F942605BFB,JUNIOR OFFICER FINANCIAL DAN ASSET ACCOUNTING,PT Telekomunikasi Indonesia (Persero) Tbk - PT Graha Sarana Duta,1000,1,7835FD9522F08DD97A83B3871591408352EA49E853659D816839E3DC5C8EE314600E78430748C34795DA1E7043B57EE4,Keuangan,Pegawai Kontrak,False,False,Fresh Graduate,831
9FB797628F522DF7F7E31F021875712034FAE5193612F58462A6DAE52D79A4AA1C9F55C204EAA0DE1665EA68BAC80175,Bimbingan Praktis Ahli (BPA) - Procurement,PT Pertamina (Persero) - PT Perusahaan Gas Negara Tbk,1000,1,907020F1602638B8BB320EF129E955EFCE97282E9F1465582A532B521A5DFF5EBBD44B1B925F18ECF8350E7E7C5DC258,Logistic / Supply Chain / Asset / GA,Pegawai Tetap,False,False,Fresh Graduate,1000
CD97C0FB5E5C193CD942A68BFD273AB71242C4604CC764DCFE963601F3B5565FFE170B29DFB2D2226CFD8FF553D29876,Bimbingan Praktis Ahli (BPA) - Human Capital,PT Pertamina (Persero) - PT Perusahaan Gas Negara Tbk,1000,1,516720B475AB13424568C8CBAC2031A578DC8D78356C260041751782F16BF8C121E2D0F10C20C3AD2F071E695A296398,SDM / HC,Pegawai Tetap,False,False,Fresh Graduate,1000
465AF9DB4F8DD1716591AF7684CC486E96B3AA8017DD5797D7B843B76B9B8B6E58CA4F03C5639E8EDE80767DC130AFEA,Bimbingan Praktis Ahli (BPA) - Finance,PT Pertamina (Persero) - PT Perusahaan Gas Negara Tbk,3000,1,7835FD9522F08DD97A83B3871591408352EA49E853659D816839E3DC5C8EE314600E78430748C34795DA1E7043B57EE4,Keuangan,Pegawai Tetap,False,False,Fresh Graduate,2428
0EEB330167FFF2981632E1D6E90454B6985685899BE951EC27E4AAF258E3128ECB31A9C2F9711243F656A3CBDF961CD1,Bimbingan Praktis Ahli (BPA) - Sales Region I,PT Pertamina (Persero) - PT Perusahaan Gas Negara Tbk,3000,1,78A5FB755A30EEBC7C4120CA2EC665FCBDF257265E0D77A54DFFB0A739B5396FC2136D3B07C4F2675FCC4E0DE5DB032C,Bisnis Niaga / Pemasaran,Pegawai Tetap,False,False,Fresh Graduate,306
B66829074B93B1CE18E2E3E0986D2682C974C5E513C9D9A9747588E27F8B3E01BB900B72A647E5F6C85793EA3B12CEEC,Bimbingan Praktis Ahli (BPA) - Sales Region II,PT Pertamina (Persero) - PT Perusahaan Gas Negara Tbk,3000,1,78A5FB755A30EEBC7C4120CA2EC665FCBDF257265E0D77A54DFFB0A739B5396FC2136D3B07C4F2675FCC4E0DE5DB032C,Bisnis Niaga / Pemasaran,Pegawai Tetap,False,False,Fresh Graduate,302
77E18111BBB7660669B156E6E5BE8B03C26A0CAAC45FF6820B791D2B63682716E90E7B605580D56B2268FC19E655F82E,Bimbingan Praktis Ahli (BPA) - Sales Region III,PT Pertamina (Persero) - PT Perusahaan Gas Negara Tbk,3000,1,78A5FB755A30EEBC7C4120CA2EC665FCBDF257265E0D77A54DFFB0A739B5396FC2136D3B07C4F2675FCC4E0DE5DB032C,Bisnis Niaga / Pemasaran,Pegawai Tetap,False,False,Fresh Graduate,298
829F47E9E61F0A1CEA85FFE5191933157C88967F6CB9BAF70F30B23534C93DA37FFF3B257743CDA8FF4980CCEAB1EB35,Bimbingan Praktis Ahli (BPA) - Operation dan Maintenance,PT Pertamina (Persero) - PT Perusahaan Gas Negara Tbk,4000,1,651D3B34B5366E0E5EF4831762092408AF141F7FA0BCA1F26FB4E405A21E4977102FD86259B7C3A4B46E3478818BC361,Operasi / Produksi / Proyek,Pegawai Tetap,False,False,Fresh Graduate,1053
CF434EC0D59B89EA9A57C4892E673EDAB56970142782334A56A7FD8FC611116C321A8F41C0B6C20EF88577CA7FEF2019,Maintenance Equipment Officer,PT Aviasi Pariwisata Indonesia - PT IAS Hospitality Indonesia,1000,1,20A83C4A9A636EA8BED36CF993C8AE8B2200D6EFBEA42A748814D05011CB5871C88DA758B221425D992E34F176F3A4A1,Engineering & Maintenance,Pegawai Kontrak,False,False,Experienced Hire,127
4A133D157921B1B09888535FB6D53CE3EF189AC7B2B94BFE090E4CD3A606073B8FD87C06E8F4A02C3E9F91CE1493026B,Banking Staff,PT Bank Mandiri (Persero) Tbk,45000,1,7835FD9522F08DD97A83B3871591408352EA49E853659D816839E3DC5C8EE314600E78430748C34795DA1E7043B57EE4,Keuangan,Pegawai Kontrak,False,False,Fresh Graduate,39140
CFD8EB7F9C6858D9B7BEE6A2B4470347DACD181DBBE8DC821C929F7C725A0CBB8A22BA8C5C4FF645BF6462E466855E03,Bimbingan Profesi Sarjana (BPS) - Keuangan,PT Pertamina (Persero) - PT Pertamina Geothermal Energy Tbk,2000,1,7835FD9522F08DD97A83B3871591408352EA49E853659D816839E3DC5C8EE314600E78430748C34795DA1E7043B57EE4,Keuangan,Pegawai Tetap,False,False,Fresh Graduate,362
A3442A988AA7C01F93381702CC7AD8C04556CF7C547129916B0DF9AE7B9261C2588E10EE76759EAF9354A1EAD007A719,Junior Underwriter,PT Reasuransi Indonesia Utama (Persero) - PT Asuransi ASEI Indonesia,1000,1,651D3B34B5366E0E5EF4831762092408AF141F7FA0BCA1F26FB4E405A21E4977102FD86259B7C3A4B46E3478818BC361,Operasi / Produksi / Proyek,Pegawai Kontrak,False,False,Experienced Hire,857
2FD39C61192829EC378C624E4AD111164E8D253010A7EF96CAECA254D35030D18121745B3C24D35371DCE62F83BE8C1D,Digital Service (Product Development),PT Telekomunikasi Indonesia (Persero) Tbk,2000,1,BFA18A7443B59FA7F34C1C25932A44E5E83D37872A7D51C02567B8BD806F7AFA24383B1DEBF94883C62FAD75A380FB68,Developer Information Technology,Pegawai Tetap,False,False,Disabilitas,0
48A8AC9B94711571B53D0947D9F37D6353EE9C6CA81B9BFBB372679049389C2DC01A556D8F3CDD847AB69900AF9D291D,Account Manager,PT Telekomunikasi Indonesia (Persero) Tbk,5000,1,78A5FB755A30EEBC7C4120CA2EC665FCBDF257265E0D77A54DFFB0A739B5396FC2136D3B07C4F2675FCC4E0DE5DB032C,Bisnis Niaga / Pemasaran,Pegawai Kontrak,False,False,Orang Asli Papua (OAP),0
5D1AF8BD0D28D67762ED3B1BFD09CA8AE49ADA3B50B6C4DB687EAF1DE8D3308D12A6D48EDC3EDBA4F5DD664555D7AF6D,Product dan Solution Management (Product Management),PT Telekomunikasi Indonesia (Persero) Tbk,3000,1,651D3B34B5366E0E5EF4831762092408AF141F7FA0BCA1F26FB4E405A21E4977102FD86259B7C3A4B46E3478818BC361,Operasi / Produksi / Proyek,Pegawai Tetap,False,False,Disabilitas,0
4068F99D46627563778075A1BCCF3E6321228EC1A15469EB7537D73DAFC68F6520B630977392AEC86E105C9B319982C7,Account Officer,PT Bank Rakyat Indonesia (Persero) Tbk - PT Permodalan Nasional Madani,10000,1,7835FD9522F08DD97A83B3871591408352EA49E853659D816839E3DC5C8EE314600E78430748C34795DA1E7043B57EE4,Keuangan,Pegawai Kontrak,False,False,Orang Asli Papua (OAP),0
437A15A2D952B2622C6B5044FFE6447E9B9D6B5C8865ABE293490D51A21CEE2E03AB0C12082983F57F0519A181C20120,Staf Pemasaran,PT Industri Kereta Api (Persero),1000,1,78A5FB755A30EEBC7C4120CA2EC665FCBDF257265E0D77A54DFFB0A739B5396FC2136D3B07C4F2675FCC4E0DE5DB032C,Bisnis Niaga / Pemasaran,Pegawai Kontrak,False,False,Disabilitas,0
005B62FE4BF36DD833662A6EC01281106C2A8488A8C803B6D285CE99108B71CB74F6F14FAC1E81D904E0731BBD2E5174,Staf Pengendalian Kualitas,PT Industri Kereta Api (Persero),1000,1,651D3B34B5366E0E5EF4831762092408AF141F7FA0BCA1F26FB4E405A21E4977102FD86259B7C3A4B46E3478818BC361,Operasi / Produksi / Proyek,Pegawai Kontrak,False,False,Orang Asli Papua (OAP),0
269A8FD932C51AFDC208580ACD04A02B93FF9C3F22C3D0FF63B707F7263BD9B03FAD1AE97F654F28AF93963D8C1FB80F,VAPT dan Penetration Testing Officer,PT Bank Mandiri (Persero) Tbk - PT Bank Syariah Indonesia Tbk,2000,1,20A83C4A9A636EA8BED36CF993C8AE8B2200D6EFBEA42A748814D05011CB5871C88DA758B221425D992E34F176F3A4A1,Engineering & Maintenance,Pegawai Tetap,False,False,Experienced Hire,193
B8C4EA5FF6BBBF2838CF5C4EF68434E534670423E5AC37B0C0E5047FC06FD942EFC517F1DA0905184784DF59B377A992,Database System Administrator,PT Bank Mandiri (Persero) Tbk - PT Bank Syariah Indonesia Tbk,2000,1,CF92D65249E924012A342BBC73114AB35CF81F698F9C96C30E0249E4B453F81B3168022D9DA680DDD166AB388D0416F1,Digitalisasi & IT,Pegawai Tetap,False,False,Experienced Hire,518
75BE6DEBEE5A1DB8158DB451134F4112EA18F37E1538236FA15593483D71690BF0071807E7E74767BD73885C64F80E0A,Development Operations Senior Engineer,PT Bank Mandiri (Persero) Tbk - PT Bank Syariah Indonesia Tbk,1000,1,CF92D65249E924012A342BBC73114AB35CF81F698F9C96C30E0249E4B453F81B3168022D9DA680DDD166AB388D0416F1,Digitalisasi & IT,Pegawai Tetap,False,False,Experienced Hire,92
25E15131045F7970BBBEE62675986BAC7BC6DCE9F6218C17A237007C0DF2367C12ED144E04A9F623AEB17D09C4C332A9,Development Operations Engineer,PT Bank Mandiri (Persero) Tbk - PT Bank Syariah Indonesia Tbk,1000,1,CF92D65249E924012A342BBC73114AB35CF81F698F9C96C30E0249E4B453F81B3168022D9DA680DDD166AB388D0416F1,Digitalisasi & IT,Pegawai Tetap,False,False,Experienced Hire,166
F8526B4578A32A237CEABB5E3710747952E9D388F80CE1E3A33E1524217EAE491C79687EE836085CED794B336F15A2EB,Human Capital Business Partner Officer,PT Aviasi Pariwisata Indonesia - PT IAS Hospitality Indonesia,1000,1,516720B475AB13424568C8CBAC2031A578DC8D78356C260041751782F16BF8C121E2D0F10C20C3AD2F071E695A296398,SDM / HC,Pegawai Kontrak,False,False,Experienced Hire,322
B21462C7ADFD5C5DFB95E75B766418E38ACD6C71B204DA114346B499FF339D27418AD9B1850898F8039D118508B065C1,Business Performance Officer,PT Aviasi Pariwisata Indonesia - PT IAS Hospitality Indonesia,1000,1,ABD3E8B3B9C747142A200B5C72ECA3538828B4AAB50B1272A59066F6EB988BC36416893B531C94625DADD34F878103E2,Corporate Secretary,Pegawai Kontrak,False,False,Experienced Hire,100
CB9006EBC1CF7E8DA2624B02D9167F9B67E1403EFB5FD65720DB5250CCBB8A19B3E586E6CB3C805A045CD69536D53543,AR Officer,PT Aviasi Pariwisata Indonesia - PT IAS Hospitality Indonesia,1000,1,7835FD9522F08DD97A83B3871591408352EA49E853659D816839E3DC5C8EE314600E78430748C34795DA1E7043B57EE4,Keuangan,Pegawai Kontrak,False,False,Experienced Hire,94
CFBA97B882E2AC777387F535AEF875E531942100F83036D3309303BB83825C30C0DDBA2A85C2C9478B571892A9E5F607,Budgeting Officer,PT Aviasi Pariwisata Indonesia - PT IAS Hospitality Indonesia,1000,1,7835FD9522F08DD97A83B3871591408352EA49E853659D816839E3DC5C8EE314600E78430748C34795DA1E7043B57EE4,Keuangan,Pegawai Kontrak,False,False,Experienced Hire,50
1844763AB0255CF0F3FE1A946D3B68ADD734AEAFE760C1145DC16735F528AFC583B14B418FD5F2E2C8163582AB2E7DDB,Cost Control Officer,PT Aviasi Pariwisata Indonesia - PT IAS Hospitality Indonesia,1000,1,7835FD9522F08DD97A83B3871591408352EA49E853659D816839E3DC5C8EE314600E78430748C34795DA1E7043B57EE4,Keuangan,Pegawai Kontrak,False,False,Experienced Hire,46
067F27D1EB2D2261A9D8394A9D22D7EB635089FF9561BEEC019E9F7DB333DBB8F37323DD0601CD148E28A6DDB10736AB,Income Audit Officer,PT Aviasi Pariwisata Indonesia - PT IAS Hospitality Indonesia,1000,1,7835FD9522F08DD97A83B3871591408352EA49E853659D816839E3DC5C8EE314600E78430748C34795DA1E7043B57EE4,Keuangan,Pegawai Kontrak,False,False,Experienced Hire,38
2513EB29779A6E87C61D201E8E0122E653EBA707125931517E705BC1638F21BFAB70783E4F9FD6E2423379E307A6B52E,Equipment Officer,PT Aviasi Pariwisata Indonesia - PT IAS Hospitality Indonesia,1000,1,20A83C4A9A636EA8BED36CF993C8AE8B2200D6EFBEA42A748814D05011CB5871C88DA758B221425D992E34F176F3A4A1,Engineering & Maintenance,Pegawai Kontrak,False,False,Experienced Hire,185
037808A623FBDC2892B8CF929F91F2A0C753D85E17A0B5D710EE52C1347CABF860F13BBF2959CCEE365F5570CB29BAF7,Branch Office Staff - Formasi Disabilitas,PT TASPEN (Persero),3000,1,CCDA9AC2C95FCDE8B8B1F823C28EFD94FD23D9B6CF6EAD84688F73D90735789F4276F58CF4FC623E8BBD67DD5EF7081E,Layanan,Pegawai Tetap,False,False,Disabilitas,0
8D1E3EF72F913C6C9E4C996E16733BBD4C418753E089543AEFB39115458E6E795A00C4FA3D67E8B2533BD831B4CCEAC5,Pelaksana Lapangan,PT Pembangunan Perumahan (Persero) Tbk,5000,1,651D3B34B5366E0E5EF4831762092408AF141F7FA0BCA1F26FB4E405A21E4977102FD86259B7C3A4B46E3478818BC361,Operasi / Produksi / Proyek,Pegawai Kontrak,False,False,Fresh Graduate,1500
B17CE538D0AD6BF3D7E17AB55BC7065E8FAFAEE020A00E3A16044E077BF0C3A8596AEFAE8CE27E2F227725A8110DD29B,Junior Treasury,PT Biro Klasifikasi Indonesia (Persero),1000,1,C85AA465FC0DBD6CE7F976D0F659E7626287BAA8FB2D5579CEB2EA97E3899E1E083391353E5A4F601A888E9E03FEA023,Treasury,Pegawai Kontrak,False,False,Disabilitas,0
547E1AF955E9CF2FD2786C0DBBB08F7B46C2BF014C0EB857CE341B70D670D09D7919F60483EC41996DFDB7890E96143C,General Banking Staff,PT Bank Tabungan Negara (Persero) Tbk,5000,1,78A5FB755A30EEBC7C4120CA2EC665FCBDF257265E0D77A54DFFB0A739B5396FC2136D3B07C4F2675FCC4E0DE5DB032C,Bisnis Niaga / Pemasaran,Pegawai Tetap,False,False,Orang Asli Papua (OAP),0
F0FC92B684BFDCC2077580984A68400B2B6E528433C1BFE26108C3C01299229AE5B08E99C5FF4A8F4B8F781D2D82DBC8,General Banking Staff,PT Bank Tabungan Negara (Persero) Tbk,10000,1,907020F1602638B8BB320EF129E955EFCE97282E9F1465582A532B521A5DFF5EBBD44B1B925F18ECF8350E7E7C5DC258,Logistic / Supply Chain / Asset / GA,Pegawai Tetap,False,False,Disabilitas,0
D407288437696F8167BFEC6C67DE43F0C9E6331EACEF8C6C16D56ECB2CCE8DE65FE46DE075472A4D3BCDE6809E23FC3C,Petugas Administrasi Bidang Operasional ,PT Bahana Pembinaan Usaha Indonesia (Persero) - PT Jasa Raharja,2000,1,651D3B34B5366E0E5EF4831762092408AF141F7FA0BCA1F26FB4E405A21E4977102FD86259B7C3A4B46E3478818BC361,Operasi / Produksi / Proyek,Pegawai Kontrak,False,False,Disabilitas,0
97B9D5D8FE683C85B4060DC243D7265987880B15949FA4057FB4CD8A64BF847A2A2AD4E461979F08AD4F7B24A25BC982,Petugas Administrasi Bidang Operasional ,PT Bahana Pembinaan Usaha Indonesia (Persero) - PT Jasa Raharja,4000,1,651D3B34B5366E0E5EF4831762092408AF141F7FA0BCA1F26FB4E405A21E4977102FD86259B7C3A4B46E3478818BC361,Operasi / Produksi / Proyek,Pegawai Kontrak,False,False,Orang Asli Papua (OAP),0
AE8D787BC7E11D099827BB53BF58EACFA870613B7AAD5B8E95F1B4C02EF4ADCA8C5377F58057DF37D24CA14D0A63BE80,S1 - Public Relations Staff,PT Kereta Api Indonesia (Persero),3000,1,320B08ABC373FF77D04D7A0EC83EFB5AEAEB1F4C22213BA44E0E54888F4E696819417263F84FB1DB1DFD8E5EC5D77ECC,Corporate Communications/Digital Public Relations/Media Relations,Pegawai Tetap,False,False,Fresh Graduate,3000
37B11AB9D9EB0084DF1D8F913B0FF856602451DFA6EA096EA9386F0A0AF0419EED68E65AF55BE10194BE47F96EEC8F05,S1 - Document Management Staff,PT Kereta Api Indonesia (Persero),3000,1,907020F1602638B8BB320EF129E955EFCE97282E9F1465582A532B521A5DFF5EBBD44B1B925F18ECF8350E7E7C5DC258,Logistic / Supply Chain / Asset / GA,Pegawai Tetap,False,False,Fresh Graduate,13
C367EE20CEAC6B526218C4144E32F2CFFF0AA8EF7747142B08129427D7471EF9483EA5E229420205C226D6B14ADEF134,S1 - Auditor Staff,PT Kereta Api Indonesia (Persero),6000,1,09DE941CFA97F5B366F3870429D506F8A650266D454D97691E026C5CCE07D766A44138C882D679AA397C24B8FB330F52,Internal Audit,Pegawai Tetap,False,False,Fresh Graduate,1324
11ADF8B7391B64EB8AC152184DE7EE2770E80DFD329403D6BF8A079AF6FE666521CBFABCA7E8AF342841675D74C756F9,S1 - Finance Staff,PT Kereta Api Indonesia (Persero),7000,1,7835FD9522F08DD97A83B3871591408352EA49E853659D816839E3DC5C8EE314600E78430748C34795DA1E7043B57EE4,Keuangan,Pegawai Tetap,False,False,Fresh Graduate,1087
0A7CA2F1FEE8154A96C9012CEDEFAA83EC3E4ACC74ECB71AFA25FEB63C548E568C3E402C705DF6C675BC38A1F17A225B,S1 - IT Developer,PT Kereta Api Indonesia (Persero),4000,1,CF92D65249E924012A342BBC73114AB35CF81F698F9C96C30E0249E4B453F81B3168022D9DA680DDD166AB388D0416F1,Digitalisasi & IT,Pegawai Tetap,False,False,Fresh Graduate,1246
4B594D4BDA5D5085A4F5CB0D4BD7B141B5DCCBC7679B3DA38377C4D05FEFC42DF03F048AA15B82C2707C7CF711D168B3,S1 - Strategic Business Development Staff,PT Kereta Api Indonesia (Persero),2000,1,221CA9A6DB201C4D39D5553C8D19B6ED586B19D553C5B97FEDEDDF2705C74F6543C4DF349779258EDFC7B7346C03EA24,Pengembangan Usaha / R & D,Pegawai Tetap,False,False,Fresh Graduate,452
26E76F408697CF59F0C0604B3D820A51B4D7413BCE0CB81147EFD1194CBFAD08F0F4E842FBFAADBE4966AF10084EE77D,S1 - Human Capital Staff,PT Kereta Api Indonesia (Persero),7000,1,516720B475AB13424568C8CBAC2031A578DC8D78356C260041751782F16BF8C121E2D0F10C20C3AD2F071E695A296398,SDM / HC,Pegawai Tetap,False,False,Fresh Graduate,2611
2EEDF2D8D975A77682820A4B4A6AD2FA8DC9DB1780E65C4136E502B5756079C2F01E37F22264B2EB4028E95A53DFD1FC,S2 - Education dan Training Center Staff,PT Kereta Api Indonesia (Persero),1000,1,516720B475AB13424568C8CBAC2031A578DC8D78356C260041751782F16BF8C121E2D0F10C20C3AD2F071E695A296398,SDM / HC,Pegawai Tetap,False,False,Fresh Graduate,100
CCC1BB7153E8EEA4DD56F011E025F7C19B2D4AA7C91EABBA69FAFF93FBC3BBF1DE45C4206A596F8C348257755777BF3B,S1 - Education dan Training Center Staff,PT Kereta Api Indonesia (Persero),8000,1,516720B475AB13424568C8CBAC2031A578DC8D78356C260041751782F16BF8C121E2D0F10C20C3AD2F071E695A296398,SDM / HC,Pegawai Tetap,False,False,Fresh Graduate,927
C45B2CB0420DA5F658730B9AA4BBB0B71B0A44CD3BD45E03BE6B7E58A493F40A3B0A91990F438DF86475A2FB8F9D9B0F,S1 - Procurement Staff,PT Kereta Api Indonesia (Persero),7000,1,907020F1602638B8BB320EF129E955EFCE97282E9F1465582A532B521A5DFF5EBBD44B1B925F18ECF8350E7E7C5DC258,Logistic / Supply Chain / Asset / GA,Pegawai Tetap,False,False,Fresh Graduate,412
ECFFD44B5D0A4FEDA8FE03F1BF8DF32B377194E365B586E5EDB60D103D4907C435478C6DB6B991DBCAC50A828F16DA32,S1 - Paramedis,PT Kereta Api Indonesia (Persero),3000,1,516720B475AB13424568C8CBAC2031A578DC8D78356C260041751782F16BF8C121E2D0F10C20C3AD2F071E695A296398,SDM / HC,Pegawai Tetap,False,False,Fresh Graduate,782
A3ADE1A135F20CF415BB384F660579D943B0F3A147190DDF8FBF3DC08288B1C84982DDEAA99AE1009CED27574E160D62,S1 - Safety Officer,PT Kereta Api Indonesia (Persero),7000,1,71EE70400E80344A7972D0EFC94477C2,Sistem Management & Safety,Pegawai Tetap,False,False,Fresh Graduate,1596
24A6C7C6638B9CD5418805BEBFFCC3F6805EC3E4B4CD9CE499DAAFEFB14A4A45DC6B3B63E143E1AD1965492B5BC19115,S1 - Non Raillway Assets Staff,PT Kereta Api Indonesia (Persero),8000,1,907020F1602638B8BB320EF129E955EFCE97282E9F1465582A532B521A5DFF5EBBD44B1B925F18ECF8350E7E7C5DC258,Logistic / Supply Chain / Asset / GA,Pegawai Tetap,False,False,Fresh Graduate,486
FD9FED0500F2319AAAE63E4D9E142905C5E91E447797BD8F4916DE815CE24809BCABE7E94ADE8DFD4AE458923A32C75F,S1 - Rollingstock Technician,PT Kereta Api Indonesia (Persero),25000,1,651D3B34B5366E0E5EF4831762092408AF141F7FA0BCA1F26FB4E405A21E4977102FD86259B7C3A4B46E3478818BC361,Operasi / Produksi / Proyek,Pegawai Tetap,False,False,Fresh Graduate,1011
38F23F497ED4D3A97276E62CE43A9428544F64C735F5F0086D663CB02704CF05FD715E7AF802F26B9E8743BAF44FAA9F,S1 - Assistant PPKA,PT Kereta Api Indonesia (Persero),40000,1,651D3B34B5366E0E5EF4831762092408AF141F7FA0BCA1F26FB4E405A21E4977102FD86259B7C3A4B46E3478818BC361,Operasi / Produksi / Proyek,Pegawai Tetap,False,False,Fresh Graduate,653
4ABB695795A3EA05B427794E710309803C74CFB9248182B3C5B17D2135D9989E3CD662C99F4EA449CA3FE8B697D7E308,S1 - Operation Non Crew Staff,PT Kereta Api Indonesia (Persero),1000,1,651D3B34B5366E0E5EF4831762092408AF141F7FA0BCA1F26FB4E405A21E4977102FD86259B7C3A4B46E3478818BC361,Operasi / Produksi / Proyek,Pegawai Tetap,False,False,Fresh Graduate,343
3C7D74708002E13B4F6C5F26231ADA8E6A3E8818B4D20CD6CC93D2A5390106010DC4B940A3937DDEF89065BEDC2E8AA1,S1 - Non Transport Commercialization Staff,PT Kereta Api Indonesia (Persero),3000,1,78A5FB755A30EEBC7C4120CA2EC665FCBDF257265E0D77A54DFFB0A739B5396FC2136D3B07C4F2675FCC4E0DE5DB032C,Bisnis Niaga / Pemasaran,Pegawai Tetap,False,False,Fresh Graduate,199
1D732C0C94084B81F995890AF95901EE74701C6533F8D93EF47C8B8400E0A904C883B6BF13B59213C9EE9506B43FF961,S1 - Passenger Transport Marketing Staff,PT Kereta Api Indonesia (Persero),2000,1,78A5FB755A30EEBC7C4120CA2EC665FCBDF257265E0D77A54DFFB0A739B5396FC2136D3B07C4F2675FCC4E0DE5DB032C,Bisnis Niaga / Pemasaran,Pegawai Tetap,False,False,Fresh Graduate,302
077C9692DE7EF4E002AA31534FA3B1033AF55CD7C17FFC5D76CBFE68453D8C1522F89E1831F05A2EC88E589BD8EC6FD6,Pengelola Pendanaan,PT Len Industri (Persero) - PT PAL Indonesia,2000,1,C85AA465FC0DBD6CE7F976D0F659E7626287BAA8FB2D5579CEB2EA97E3899E1E083391353E5A4F601A888E9E03FEA023,Treasury,Pegawai Kontrak,False,False,Experienced Hire,160
77DE5663A7216E48DBE833390BACD8D85A9CE4BFCA50DD72E954C5E1F7D7B4E83F215EA221D040D9E1C767BB2FA85043,Bimbingan Profesi Sarjana (BPS) - Sales dan Marketing,PT Pertamina (Persero) - PT Pertamina Lubricants,4000,1,78A5FB755A30EEBC7C4120CA2EC665FCBDF257265E0D77A54DFFB0A739B5396FC2136D3B07C4F2675FCC4E0DE5DB032C,Bisnis Niaga / Pemasaran,Pegawai Tetap,False,False,Fresh Graduate,4000
0C41ECCC9A4F0752C59612711223842C974EA9CE5390C02E6B837CECAF450791322A107044C93396D9F6FF7B160DA6E2,Associate Officer Pengawasan,PT Pupuk Indonesia (Persero),2000,1,09DE941CFA97F5B366F3870429D506F8A650266D454D97691E026C5CCE07D766A44138C882D679AA397C24B8FB330F52,Internal Audit,Pegawai Kontrak,False,False,Fresh Graduate,178
16A8CA0EC777B1873D55584304843335BB88DE89CC80ECD434B151DC37DFE6381137165004C179211929D230FE7CE4F4,Associate Officer Optimasi Rantai Pasok,PT Pupuk Indonesia (Persero),1000,1,907020F1602638B8BB320EF129E955EFCE97282E9F1465582A532B521A5DFF5EBBD44B1B925F18ECF8350E7E7C5DC258,Logistic / Supply Chain / Asset / GA,Pegawai Kontrak,False,False,Fresh Graduate,27
DDFE12B5F2AD7021E6025DFE225FFB1B90DF13240654FC524E9BFDA5811E13F4F1A65C2B8066E383AA8D3CC19B81DB02,Associate Officer Sinerji Pemeliharaan,PT Pupuk Indonesia (Persero),1000,1,651D3B34B5366E0E5EF4831762092408AF141F7FA0BCA1F26FB4E405A21E4977102FD86259B7C3A4B46E3478818BC361,Operasi / Produksi / Proyek,Pegawai Kontrak,False,False,Fresh Graduate,465
D37D0CECED72A9B610D53D70CB24182CA32029639F080752FE926B2E094F69AD36DA9F5D87F59D5147EE8836A413D878,Associate Officer Digitalisasi Distribusi,PT Pupuk Indonesia (Persero),1000,1,907020F1602638B8BB320EF129E955EFCE97282E9F1465582A532B521A5DFF5EBBD44B1B925F18ECF8350E7E7C5DC258,Logistic / Supply Chain / Asset / GA,Pegawai Kontrak,False,False,Fresh Graduate,14
5306826814432C68138FB5F23FC400B6EDDF571180B755C9FAA33757FB7AAFE2B02E3A57945DFA13E8DE1633C1AC4E1E,Associate Officer Pengembangan Usaha,PT Pupuk Indonesia (Persero),1000,1,221CA9A6DB201C4D39D5553C8D19B6ED586B19D553C5B97FEDEDDF2705C74F6543C4DF349779258EDFC7B7346C03EA24,Pengembangan Usaha / R & D,Pegawai Kontrak,False,False,Fresh Graduate,7
D92525ACC7F89D2A73DEC58BA08B5F6C9F5E1C5BEDE732B0AFCE4875D5703B28322A3F151F2446C900897860044D1C69,Associate Officer Teknologi Informasi,PT Pupuk Indonesia (Persero),1000,1,CF92D65249E924012A342BBC73114AB35CF81F698F9C96C30E0249E4B453F81B3168022D9DA680DDD166AB388D0416F1,Digitalisasi & IT,Pegawai Kontrak,False,False,Fresh Graduate,616
0D3213CFB11C0FD9BBC755B4B64EDD18C3905B66E3C235907D44E7C25A35C5E60F292FE2859483155737884CFC4219C6,Associate Officer Clean Ammonia dan Sustainability,PT Pupuk Indonesia (Persero),1000,1,E11206F9FC9321C2453FA02BC6C4E7C360B3DBC16922267CA344CE2CE69191F1FFFF5AB3531C363007D697BAACD8E22E,Strategic Planning,Pegawai Kontrak,False,False,Fresh Graduate,456
1D5589C2D3930E68D34D07AAF87D3EB30B0383A2063CAFC76356CE615094C87A95B3B941286560933920F74A259C17F7,Associate Officer Manajemen Risiko,PT Pupuk Indonesia (Persero),2000,1,2642D515ED859AD4CDC2E26AED97E73D4C1BE0EE16BD60DA6674044D6B9B3D4EEB920A0D20B287E3D675F95A2261FD50,Risk Management,Pegawai Kontrak,False,False,Fresh Graduate,16
6CD702C0F9D6CD9135B94526320CF935BB96D0A3575A137023B71BE51F78F267C6DDC4464FDB0271EABC275DCD2485D8,Project Engineer Refinery,PT Pertamina (Persero) - PT Pertamina Rosneft Pengolahan dan Petrokimia,1000,1,20A83C4A9A636EA8BED36CF993C8AE8B2200D6EFBEA42A748814D05011CB5871C88DA758B221425D992E34F176F3A4A1,Engineering & Maintenance,Pegawai Kontrak,False,False,Experienced Hire,697
7EBFCD118CAEB3B2A2D3E41194A044D81C217E47EEBE282BDCE5152EA7D942F34B01DC3C1C6E1B0CADBF078DFCD5A149,Engineer Project Scheduling,PT Pertamina (Persero) - PT Pertamina Rosneft Pengolahan dan Petrokimia,1000,1,20A83C4A9A636EA8BED36CF993C8AE8B2200D6EFBEA42A748814D05011CB5871C88DA758B221425D992E34F176F3A4A1,Engineering & Maintenance,Pegawai Kontrak,False,False,Experienced Hire,652
